district_id,district_name,state,aquifer_type,year,annual_rainfall_mm,rainfall_anomaly_pct,rwh_adoption_pct,industrial_recycling_pct,drip_irrigation_shift_pct,annual_extractable_resource_ham,annual_groundwater_draft_ham,recharge_potential_ham,extraction_stage_pct,water_level_depth_mbgl
new-delhi,New Delhi,Delhi,Alluvial-Quartzite,2015,623.5,-19.44,5.0,10.0,3.0,1420,1159,445,81.6,14.57
new-delhi,New Delhi,Delhi,Alluvial-Quartzite,2016,682.6,-11.81,6.8,10.0,6.0,1420,1178,489,83.0,14.85
new-delhi,New Delhi,Delhi,Alluvial-Quartzite,2017,831.8,7.46,10.0,11.2,9.0,1420,1191,589,83.9,14.51
new-delhi,New Delhi,Delhi,Alluvial-Quartzite,2018,708.9,-8.42,14.1,13.9,12.0,1420,1195,560,84.1,14.78
new-delhi,New Delhi,Delhi,Alluvial-Quartzite,2019,621.2,-19.74,20.3,22.1,15.0,1420,1185,566,83.5,15.47
new-delhi,New Delhi,Delhi,Alluvial-Quartzite,2020,866.7,11.98,20.5,24.4,18.0,1420,1176,690,82.8,14.71
new-delhi,New Delhi,Delhi,Alluvial-Quartzite,2021,1017.4,31.45,21.8,25.6,21.0,1420,1163,775,81.9,12.94
new-delhi,New Delhi,Delhi,Alluvial-Quartzite,2022,783.8,1.27,28.4,32.9,24.0,1420,1136,712,80.0,12.77
new-delhi,New Delhi,Delhi,Alluvial-Quartzite,2023,1035.3,33.76,35.0,31.5,27.0,1420,1095,890,77.1,11.23
new-delhi,New Delhi,Delhi,Alluvial-Quartzite,2024,788.9,1.93,34.2,41.7,30.0,1420,1056,761,74.4,10.96
central-delhi,Central Delhi,Delhi,Alluvial,2015,629.8,-18.21,5.0,10.0,3.0,980,935,305,95.4,18.21
central-delhi,Central Delhi,Delhi,Alluvial,2016,620.4,-19.43,5.0,11.4,6.0,980,949,302,96.9,19.1
central-delhi,Central Delhi,Delhi,Alluvial,2017,795.4,3.3,10.0,11.6,9.0,980,956,398,97.5,18.81
central-delhi,Central Delhi,Delhi,Alluvial,2018,740.9,-3.78,16.2,15.5,12.0,980,953,430,97.3,18.83
central-delhi,Central Delhi,Delhi,Alluvial,2019,566.7,-26.4,17.4,17.0,15.0,980,949,384,96.9,19.75
central-delhi,Central Delhi,Delhi,Alluvial,2020,879.0,14.15,18.2,27.7,18.0,980,944,491,96.3,18.91
central-delhi,Central Delhi,Delhi,Alluvial,2021,1013.1,31.57,23.4,26.1,21.0,980,931,576,95.0,17.48
central-delhi,Central Delhi,Delhi,Alluvial,2022,715.1,-7.14,27.1,30.8,24.0,980,912,509,93.1,17.59
central-delhi,Central Delhi,Delhi,Alluvial,2023,1035.2,34.44,29.8,35.2,27.0,980,890,634,90.8,15.6
central-delhi,Central Delhi,Delhi,Alluvial,2024,790.8,2.7,33.8,40.8,30.0,980,861,587,87.9,15.01
north-delhi,North Delhi,Delhi,Alluvial,2015,660.3,-16.42,5.0,10.0,3.0,2100,1584,752,75.4,11.26
north-delhi,North Delhi,Delhi,Alluvial,2016,668.7,-15.36,5.0,10.0,6.0,2100,1614,759,76.9,11.72
north-delhi,North Delhi,Delhi,Alluvial,2017,822.0,4.05,10.6,13.6,9.0,2100,1627,931,77.5,11.69
north-delhi,North Delhi,Delhi,Alluvial,2018,699.8,-11.42,14.0,16.7,12.0,2100,1628,858,77.5,12.05
north-delhi,North Delhi,Delhi,Alluvial,2019,614.1,-22.26,20.5,22.3,15.0,2100,1609,838,76.6,12.61
north-delhi,North Delhi,Delhi,Alluvial,2020,926.6,17.29,18.8,26.4,18.0,2100,1596,1084,76.0,11.75
north-delhi,North Delhi,Delhi,Alluvial,2021,996.0,26.08,23.8,26.8,21.0,2100,1567,1182,74.6,10.41
north-delhi,North Delhi,Delhi,Alluvial,2022,778.7,-1.43,28.9,33.8,24.0,2100,1521,1042,72.4,10.41
north-delhi,North Delhi,Delhi,Alluvial,2023,1022.1,29.37,31.1,34.3,27.0,2100,1469,1262,70.0,9.24
north-delhi,North Delhi,Delhi,Alluvial,2024,836.6,5.9,35.3,39.7,30.0,2100,1404,1141,66.8,9.1
south-delhi,South Delhi,Delhi,Quartzite,2015,641.0,-15.66,5.0,10.0,3.0,3100,4025,722,129.8,33.08
south-delhi,South Delhi,Delhi,Quartzite,2016,618.7,-18.6,5.1,10.0,6.0,3100,4081,705,131.6,35.4
south-delhi,South Delhi,Delhi,Quartzite,2017,778.9,2.48,11.4,14.3,9.0,3100,4108,886,132.5,37.21
south-delhi,South Delhi,Delhi,Quartzite,2018,723.0,-4.86,14.9,16.8,12.0,3100,4119,869,132.9,39.18
south-delhi,South Delhi,Delhi,Quartzite,2019,593.1,-21.97,18.4,16.6,15.0,3100,4113,790,132.7,41.95
south-delhi,South Delhi,Delhi,Quartzite,2020,840.7,10.62,19.5,25.2,18.0,3100,4103,1002,132.3,43.31
south-delhi,South Delhi,Delhi,Quartzite,2021,969.4,27.56,23.0,27.3,21.0,3100,4076,1136,131.5,44.33
south-delhi,South Delhi,Delhi,Quartzite,2022,736.3,-3.11,27.7,34.0,24.0,3100,4027,982,129.9,46.22
south-delhi,South Delhi,Delhi,Quartzite,2023,1004.1,32.12,32.2,38.8,27.0,3100,3957,1238,127.6,46.85
south-delhi,South Delhi,Delhi,Quartzite,2024,838.3,10.3,36.9,39.5,30.0,3100,3865,1139,124.7,48.61
south-west-delhi,South West Delhi,Delhi,Alluvial-Quartzite,2015,574.9,-20.15,5.0,10.0,3.0,4800,6894,963,143.6,39.7
south-west-delhi,South West Delhi,Delhi,Alluvial-Quartzite,2016,633.9,-11.96,6.1,10.0,6.0,4800,6964,1044,145.1,42.32
south-west-delhi,South West Delhi,Delhi,Alluvial-Quartzite,2017,768.0,6.67,7.3,12.3,9.0,4800,7026,1217,146.4,44.33
south-west-delhi,South West Delhi,Delhi,Alluvial-Quartzite,2018,674.5,-6.32,14.4,15.4,12.0,4800,7036,1160,146.6,46.59
south-west-delhi,South West Delhi,Delhi,Alluvial-Quartzite,2019,532.8,-26.0,17.0,22.5,15.0,4800,7028,1007,146.4,49.76
south-west-delhi,South West Delhi,Delhi,Alluvial-Quartzite,2020,806.6,12.02,22.0,22.5,18.0,4800,6984,1382,145.5,51.54
south-west-delhi,South West Delhi,Delhi,Alluvial-Quartzite,2021,905.2,25.72,24.4,31.0,21.0,4800,6922,1522,144.2,52.61
south-west-delhi,South West Delhi,Delhi,Alluvial-Quartzite,2022,669.5,-7.02,30.7,33.5,24.0,4800,6815,1284,142.0,55.14
south-west-delhi,South West Delhi,Delhi,Alluvial-Quartzite,2023,956.1,32.79,34.8,35.3,27.0,4800,6679,1667,139.1,55.6
south-west-delhi,South West Delhi,Delhi,Alluvial-Quartzite,2024,780.7,8.42,33.1,39.4,30.0,4800,6555,1439,136.6,57.17
west-delhi,West Delhi,Delhi,Alluvial,2015,628.8,-16.17,5.0,10.0,3.0,2400,2530,606,105.4,25.26
west-delhi,West Delhi,Delhi,Alluvial,2016,665.2,-11.31,7.4,12.2,6.0,2400,2556,650,106.5,26.23
west-delhi,West Delhi,Delhi,Alluvial,2017,800.2,6.69,11.4,12.1,9.0,2400,2567,776,107.0,26.34
west-delhi,West Delhi,Delhi,Alluvial,2018,707.9,-5.61,13.2,18.1,12.0,2400,2572,727,107.2,26.73
west-delhi,West Delhi,Delhi,Alluvial,2019,616.7,-17.77,17.8,21.5,15.0,2400,2560,700,106.7,27.84
west-delhi,West Delhi,Delhi,Alluvial,2020,845.9,12.79,22.1,22.1,18.0,2400,2533,894,105.5,27.45
west-delhi,West Delhi,Delhi,Alluvial,2021,939.5,25.26,23.2,29.8,21.0,2400,2502,967,104.2,26.57
west-delhi,West Delhi,Delhi,Alluvial,2022,728.3,-2.89,27.8,27.9,24.0,2400,2454,857,102.3,26.68
west-delhi,West Delhi,Delhi,Alluvial,2023,985.2,31.36,30.7,31.9,27.0,2400,2396,1058,99.8,24.81
west-delhi,West Delhi,Delhi,Alluvial,2024,818.4,9.13,34.4,37.9,30.0,2400,2324,973,96.9,24.36
north-west-delhi,North West Delhi,Delhi,Alluvial,2015,618.0,-20.77,5.8,10.0,3.0,5200,5684,1381,109.3,22.98
north-west-delhi,North West Delhi,Delhi,Alluvial,2016,682.5,-12.5,7.1,10.0,6.0,5200,5742,1496,110.4,24.01
north-west-delhi,North West Delhi,Delhi,Alluvial,2017,827.9,6.14,9.7,13.3,9.0,5200,5780,1756,111.2,24.38
north-west-delhi,North West Delhi,Delhi,Alluvial,2018,681.0,-12.7,14.7,14.6,12.0,5200,5778,1555,111.1,25.05
north-west-delhi,North West Delhi,Delhi,Alluvial,2019,621.0,-20.38,16.4,23.1,15.0,5200,5764,1471,110.8,26.28
north-west-delhi,North West Delhi,Delhi,Alluvial,2020,915.8,17.41,20.8,21.5,18.0,5200,5715,1989,109.9,25.84
north-west-delhi,North West Delhi,Delhi,Alluvial,2021,1007.6,29.18,23.0,30.2,21.0,5200,5648,2158,108.6,24.97
north-west-delhi,North West Delhi,Delhi,Alluvial,2022,705.7,-9.53,26.4,35.3,24.0,5200,5556,1689,106.8,25.62
north-west-delhi,North West Delhi,Delhi,Alluvial,2023,1031.2,32.2,31.8,36.2,27.0,5200,5421,2266,104.3,24.44
north-west-delhi,North West Delhi,Delhi,Alluvial,2024,789.9,1.27,34.5,43.0,30.0,5200,5266,1892,101.3,24.52
east-delhi,East Delhi,Delhi,Alluvial,2015,654.4,-18.2,5.0,10.0,3.0,2200,1351,852,61.4,5.92
east-delhi,East Delhi,Delhi,Alluvial,2016,722.3,-9.72,5.5,10.0,6.0,2200,1381,920,62.8,5.87
east-delhi,East Delhi,Delhi,Alluvial,2017,849.7,6.22,13.6,14.5,9.0,2200,1384,1106,62.9,5.82
east-delhi,East Delhi,Delhi,Alluvial,2018,760.9,-4.89,11.0,16.6,12.0,2200,1396,1001,63.5,6.01
east-delhi,East Delhi,Delhi,Alluvial,2019,620.1,-22.48,18.2,21.0,15.0,2200,1384,924,62.9,6.57
east-delhi,East Delhi,Delhi,Alluvial,2020,949.3,18.67,22.0,21.4,18.0,2200,1359,1268,61.8,5.4
east-delhi,East Delhi,Delhi,Alluvial,2021,1031.1,28.89,24.9,28.3,21.0,2200,1325,1369,60.2,4.26
east-delhi,East Delhi,Delhi,Alluvial,2022,808.8,1.1,27.1,32.5,24.0,2200,1284,1175,58.3,4.48
east-delhi,East Delhi,Delhi,Alluvial,2023,1083.3,35.42,29.1,33.8,27.0,2200,1236,1452,56.2,2.96
east-delhi,East Delhi,Delhi,Alluvial,2024,901.7,12.72,33.3,39.7,30.0,2200,1174,1313,53.4,2.5
north-east-delhi,North East Delhi,Delhi,Alluvial,2015,667.7,-16.01,5.0,10.0,3.0,1850,1284,720,69.4,7.33
north-east-delhi,North East Delhi,Delhi,Alluvial,2016,702.9,-11.59,6.6,10.0,6.0,1850,1307,760,70.6,7.53
north-east-delhi,North East Delhi,Delhi,Alluvial,2017,801.7,0.85,10.1,14.6,9.0,1850,1319,866,71.3,7.69
north-east-delhi,North East Delhi,Delhi,Alluvial,2018,732.0,-7.93,13.7,14.2,12.0,1850,1321,840,71.4,7.76
north-east-delhi,North East Delhi,Delhi,Alluvial,2019,578.1,-27.29,18.0,18.8,15.0,1850,1312,754,70.9,8.7
north-east-delhi,North East Delhi,Delhi,Alluvial,2020,931.6,17.18,20.9,25.4,18.0,1850,1294,1055,69.9,7.72
north-east-delhi,North East Delhi,Delhi,Alluvial,2021,1027.5,29.24,23.1,28.5,21.0,1850,1270,1147,68.7,6.28
north-east-delhi,North East Delhi,Delhi,Alluvial,2022,810.8,1.99,29.6,32.5,24.0,1850,1228,1029,66.4,6.05
north-east-delhi,North East Delhi,Delhi,Alluvial,2023,1051.0,32.21,29.6,36.9,27.0,1850,1187,1218,64.1,4.89
north-east-delhi,North East Delhi,Delhi,Alluvial,2024,831.5,4.59,32.6,33.8,30.0,1850,1136,1070,61.4,4.39
shahdara,Shahdara,Delhi,Alluvial,2015,634.8,-19.64,5.0,10.0,3.0,1600,1255,554,78.4,9.35
shahdara,Shahdara,Delhi,Alluvial,2016,720.2,-8.83,7.1,10.0,6.0,1600,1273,624,79.5,9.9
shahdara,Shahdara,Delhi,Alluvial,2017,831.4,5.24,12.4,11.5,9.0,1600,1278,735,79.9,9.32
shahdara,Shahdara,Delhi,Alluvial,2018,684.5,-13.35,13.1,18.9,12.0,1600,1281,650,80.1,10.07
shahdara,Shahdara,Delhi,Alluvial,2019,635.7,-19.53,16.0,22.5,15.0,1600,1278,643,79.8,11.1
shahdara,Shahdara,Delhi,Alluvial,2020,888.0,12.4,20.4,28.0,18.0,1600,1263,834,79.0,10.42
shahdara,Shahdara,Delhi,Alluvial,2021,997.9,26.31,23.9,31.0,21.0,1600,1241,929,77.6,9.35
shahdara,Shahdara,Delhi,Alluvial,2022,687.6,-12.97,29.3,33.6,24.0,1600,1206,781,75.4,9.84
shahdara,Shahdara,Delhi,Alluvial,2023,1059.7,34.14,30.7,36.9,27.0,1600,1167,1023,72.9,8.62
shahdara,Shahdara,Delhi,Alluvial,2024,815.9,3.27,34.5,40.2,30.0,1600,1119,902,69.9,8.08
south-east-delhi,South East Delhi,Delhi,Alluvial,2015,600.9,-21.45,5.0,10.0,3.0,1900,1889,496,99.4,20.84
south-east-delhi,South East Delhi,Delhi,Alluvial,2016,652.3,-14.73,7.6,10.0,6.0,1900,1909,546,100.5,21.13
south-east-delhi,South East Delhi,Delhi,Alluvial,2017,833.3,8.93,7.2,10.0,9.0,1900,1930,647,101.6,20.7
south-east-delhi,South East Delhi,Delhi,Alluvial,2018,738.6,-3.46,12.5,17.1,12.0,1900,1936,635,101.9,20.97
south-east-delhi,South East Delhi,Delhi,Alluvial,2019,617.0,-19.35,18.1,18.0,15.0,1900,1925,610,101.3,21.53
south-east-delhi,South East Delhi,Delhi,Alluvial,2020,834.9,9.13,22.0,26.7,18.0,1900,1904,766,100.2,21.51
south-east-delhi,South East Delhi,Delhi,Alluvial,2021,1013.9,32.54,23.3,27.2,21.0,1900,1879,879,98.9,20.04
south-east-delhi,South East Delhi,Delhi,Alluvial,2022,763.1,-0.24,26.6,33.0,24.0,1900,1845,762,97.1,20.02
south-east-delhi,South East Delhi,Delhi,Alluvial,2023,1044.6,36.55,31.9,35.9,27.0,1900,1795,966,94.5,18.62
south-east-delhi,South East Delhi,Delhi,Alluvial,2024,783.5,2.41,34.0,42.3,30.0,1900,1740,833,91.6,18.49
gurugram,Gurugram,Haryana,Quartzite,2015,495.9,-20.01,6.6,10.0,3.0,8500,13225,1901,155.6,45.6
gurugram,Gurugram,Haryana,Quartzite,2016,537.7,-13.28,6.8,10.0,6.0,8500,13358,2020,157.2,49.46
gurugram,Gurugram,Haryana,Quartzite,2017,692.2,11.64,11.9,12.7,9.0,8500,13425,2500,157.9,52.21
gurugram,Gurugram,Haryana,Quartzite,2018,583.5,-5.89,11.9,12.0,12.0,8500,13494,2191,158.7,56.22
gurugram,Gurugram,Haryana,Quartzite,2019,495.1,-20.14,18.4,21.5,15.0,8500,13478,1993,158.6,60.64
gurugram,Gurugram,Haryana,Quartzite,2020,694.7,12.05,24.1,22.1,18.0,8500,13389,2605,157.5,63.82
gurugram,Gurugram,Haryana,Quartzite,2021,782.3,26.18,25.6,27.0,21.0,8500,13282,2866,156.3,66.3
gurugram,Gurugram,Haryana,Quartzite,2022,589.0,-5.01,27.1,31.6,24.0,8500,13156,2328,154.8,70.04
gurugram,Gurugram,Haryana,Quartzite,2023,818.9,32.08,33.8,33.8,27.0,8500,12944,3035,152.3,72.11
gurugram,Gurugram,Haryana,Quartzite,2024,672.4,8.46,35.6,38.2,30.0,8500,12710,2634,149.5,74.92
faridabad,Faridabad,Haryana,Alluvial-Quartzite,2015,508.1,-21.83,5.0,10.0,3.0,7200,8829,1526,122.6,29.65
faridabad,Faridabad,Haryana,Alluvial-Quartzite,2016,606.4,-6.71,5.6,10.0,6.0,7200,8940,1748,124.2,31.43
faridabad,Faridabad,Haryana,Alluvial-Quartzite,2017,648.1,-0.29,9.9,13.2,9.0,7200,9004,1875,125.1,33.14
faridabad,Faridabad,Haryana,Alluvial-Quartzite,2018,628.6,-3.3,14.4,14.0,12.0,7200,9021,1867,125.3,34.57
faridabad,Faridabad,Haryana,Alluvial-Quartzite,2019,515.1,-20.76,19.2,17.3,15.0,7200,8985,1654,124.8,36.59
faridabad,Faridabad,Haryana,Alluvial-Quartzite,2020,726.2,11.73,19.6,19.2,18.0,7200,8944,2126,124.2,37.36
faridabad,Faridabad,Haryana,Alluvial-Quartzite,2021,840.8,29.35,26.4,24.1,21.0,7200,8831,2434,122.6,37.38
faridabad,Faridabad,Haryana,Alluvial-Quartzite,2022,585.0,-9.99,28.1,26.2,24.0,7200,8699,1881,120.8,38.93
faridabad,Faridabad,Haryana,Alluvial-Quartzite,2023,862.7,32.72,30.7,31.8,27.0,7200,8539,2517,118.6,38.25
faridabad,Faridabad,Haryana,Alluvial-Quartzite,2024,679.4,4.52,36.0,38.3,30.0,7200,8321,2153,115.6,38.75
noida,Gautam Buddh Nagar (Noida),Uttar Pradesh,Alluvial,2015,594.4,-17.45,5.0,10.0,3.0,11200,11584,2965,103.4,18.79
noida,Gautam Buddh Nagar (Noida),Uttar Pradesh,Alluvial,2016,599.0,-16.81,5.5,10.0,6.0,11200,11737,2986,104.8,19.61
noida,Gautam Buddh Nagar (Noida),Uttar Pradesh,Alluvial,2017,738.2,2.53,9.6,14.0,9.0,11200,11819,3546,105.5,19.91
noida,Gautam Buddh Nagar (Noida),Uttar Pradesh,Alluvial,2018,676.8,-6.0,13.8,16.3,12.0,11200,11832,3347,105.6,20.33
noida,Gautam Buddh Nagar (Noida),Uttar Pradesh,Alluvial,2019,574.7,-20.18,16.4,20.6,15.0,11200,11800,2982,105.4,21.47
noida,Gautam Buddh Nagar (Noida),Uttar Pradesh,Alluvial,2020,806.5,12.01,19.1,22.9,18.0,11200,11724,3879,104.7,21.25
noida,Gautam Buddh Nagar (Noida),Uttar Pradesh,Alluvial,2021,955.3,32.69,22.4,26.5,21.0,11200,11592,4468,103.5,19.99
noida,Gautam Buddh Nagar (Noida),Uttar Pradesh,Alluvial,2022,724.9,0.67,28.6,32.5,24.0,11200,11356,3647,101.4,20.44
noida,Gautam Buddh Nagar (Noida),Uttar Pradesh,Alluvial,2023,963.2,33.78,30.1,38.2,27.0,11200,11094,4560,99.1,19.04
noida,Gautam Buddh Nagar (Noida),Uttar Pradesh,Alluvial,2024,764.2,6.14,35.1,40.7,30.0,11200,10748,3848,96.0,18.57
ghaziabad,Ghaziabad,Uttar Pradesh,Alluvial,2015,593.6,-18.69,5.0,10.0,3.0,9400,10850,2506,115.4,16.64
ghaziabad,Ghaziabad,Uttar Pradesh,Alluvial,2016,616.6,-15.53,6.9,10.4,6.0,9400,10958,2595,116.6,18.22
ghaziabad,Ghaziabad,Uttar Pradesh,Alluvial,2017,749.4,2.66,7.2,10.5,9.0,9400,11063,3019,117.7,18.85
ghaziabad,Ghaziabad,Uttar Pradesh,Alluvial,2018,706.1,-3.27,14.4,11.9,12.0,9400,11065,2939,117.7,19.61
ghaziabad,Ghaziabad,Uttar Pradesh,Alluvial,2019,575.7,-21.14,18.2,21.3,15.0,9400,11014,2555,117.2,21.22
ghaziabad,Ghaziabad,Uttar Pradesh,Alluvial,2020,826.1,13.16,22.5,22.1,18.0,9400,10902,3385,116.0,21.19
ghaziabad,Ghaziabad,Uttar Pradesh,Alluvial,2021,960.3,31.55,22.7,28.7,21.0,9400,10787,3813,114.8,20.47
ghaziabad,Ghaziabad,Uttar Pradesh,Alluvial,2022,709.9,-2.75,27.5,29.8,24.0,9400,10605,3056,112.8,20.79
ghaziabad,Ghaziabad,Uttar Pradesh,Alluvial,2023,958.3,31.27,33.8,34.9,27.0,9400,10333,3896,109.9,20.11
ghaziabad,Ghaziabad,Uttar Pradesh,Alluvial,2024,783.8,7.38,33.9,42.2,30.0,9400,10059,3343,107.0,19.82
